{
  "project_info": {
    "project_number": "910108558727",
    "firebase_url": "https://pehchaan-eb1a1.firebaseio.com",
    "project_id": "pehchaan-eb1a1",
    "storage_bucket": "pehchaan-eb1a1.appspot.com"
  },
  "client": [
    {
      "client_info": {
        "mobilesdk_app_id": "1:910108558727:android:b5e8279b76bbf5b8",
        "android_client_info": {
          "package_name": "com.example.pehchaan"
        }
      },
      "oauth_client": [],
      "api_key": [
        {
          "current_key": "AIzaSyDC3YsHS3gvD_pR8WzcX_W17tm0DwBymMM"
        }
      ],
      "services": {
        "appinvite_service": {
          "other_platform_oauth_client": [
            {
              "client_id": "910108558727-ohm09qmk2q578bc0a1l0d5mqoiur2nfv.apps.googleusercontent.com",
              "client_type": 3
            }
          ]
        }
      }
    }
  ],
  "configuration_version": "1"
}